	, www Profile.xml
AE_Acknowledgement_Error__c-AE Acknowledgement Error Layout,layout=AE_Acknowledgement_Error__c-AE Acknowledgement Error Layout
AE_Acknowledgement_Flow__c-AE Acknowledgement Flow Layout,layout=AE_Acknowledgement_Flow__c-AE Acknowledgement Flow Layout
APTPS_Agreement_Account_Sites__c-Agreement Account Sites Layout,layout=APTPS_Agreement_Account_Sites__c-Agreement Account Sites Layout
APTPS_NDA_TSMC_Access__c-NDA TSMC Access Layout,layout=APTPS_NDA_TSMC_Access__c-NDA TSMC Access Layout
APTPS_NDA_User_Source_Code_Access__c-NDA User Source Code Access Layout,layout=APTPS_NDA_User_Source_Code_Access__c-NDA User Source Code Access Layout
ARM_Employee_Agreement_Relationship__c-ARM Employee Agreement Relationship Layout,layout=ARM_Employee_Agreement_Relationship__c-ARM Employee Agreement Relationship Layout
ARM_TRS_Employee_Agreement_Relationship__c-ARM TRS Employee Agreement Relationship Layout,layout=ARM_TRS_Employee_Agreement_Relationship__c-ARM TRS Employee Agreement Relationship Layout
ASG_to_Prod_Feat_Junc__c-ASG to Prod Feat Junc Layout,layout=ASG_to_Prod_Feat_Junc__c-ASG to Prod Feat Junc Layout
Account-Account Layout,layout=Account-Account Layout
AccountMergeObject__c-AccountMergeObject Layout,layout=AccountMergeObject__c-AccountMergeObject Layout
AccountTeamMember-Account Team Member Layout,layout=AccountTeamMember-Account Team Member Layout
Account_CCP__c-Account Channel Partner Layout,layout=Account_CCP__c-Account Channel Partner Layout
Account_Domain__c-Account Domain Layout,layout=Account_Domain__c-Account Domain Layout
Account_Master__c-Account Master Layout,layout=Account_Master__c-Account Master Layout
Account_Sites__c-Account Sites Layout,layout=Account_Sites__c-Account Sites Layout
Account_Team__c-Account Team Layout,layout=Account_Team__c-Account Team Layout
Advanced_Support_Groups__c-Advanced Support Group Layout,layout=Advanced_Support_Groups__c-Advanced Support Group Layout
Agreement__c-Agreement Layout,layout=Agreement__c-Agreement Layout
Alert_Detail__c-Alert Detail Layout,layout=Alert_Detail__c-Alert Detail Layout
Alert__c-Alert Layout,layout=Alert__c-Alert Layout
Approval_Hierarchy__c-Approval Hierarchy Layout,layout=Approval_Hierarchy__c-Approval Hierarchy Layout
Apttus_Agreement_Assignment_Rule__c-Agreement Assignment Rule Layout,layout=Apttus_Agreement_Assignment_Rule__c-Agreement Assignment Rule Layout
Apttus_LWR_assignment_Rule_condition__c-Agreement Assignment Rule condition Layout,layout=Apttus_LWR_assignment_Rule_condition__c-Agreement Assignment Rule condition Layout
Apttus_Release_Approver__c-Apttus Release Approver Layout,layout=Apttus_Release_Approver__c-Apttus Release Approver Layout
Article_Feedback_Comment__c-Article Feedback Comment Layout,layout=Article_Feedback_Comment__c-Article Feedback Comment Layout
Article_Feedback__c-Article Feedback Layout,layout=Article_Feedback__c-Article Feedback Layout
Article__c-Article Shadow Layout,layout=Article__c-Article Shadow Layout
Asset-Asset Layout,layout=Asset-Asset Layout
Attachment__c-Attachment Layout,layout=Attachment__c-Attachment Layout
BMCRF_Config_Data__c-BMCRF Config Data Layout,layout=BMCRF_Config_Data__c-BMCRF Config Data Layout
BMCRF_ETicket_Mapping__c-BMCRF_ETicket_Mapping Layout,layout=BMCRF_ETicket_Mapping__c-BMCRF_ETicket_Mapping Layout
BMCRF_FacilityQueueMapping__c-BMCRF_FacilityQueueMapping Layout,layout=BMCRF_FacilityQueueMapping__c-BMCRF_FacilityQueueMapping Layout
Billing_Plan__c-Billing Plan Layout,layout=Billing_Plan__c-Billing Plan Layout
Booking_Package_Signatories__c-Booking Package Signatories Layout,layout=Booking_Package_Signatories__c-Booking Package Signatories Layout
Booking_Package__c-Booking Package %2F Provisional Request Layout,layout=Booking_Package__c-Booking Package %2F Provisional Request Layout
CCMS_Family__c-CCMS FAMILY Layout,layout=CCMS_Family__c-CCMS FAMILY Layout
CCMS_Need_Releases__c-CCMS NEED RELEASES Layout,layout=CCMS_Need_Releases__c-CCMS NEED RELEASES Layout
CCMS_OS_Versions__c-CCMS OS VERSIONS Layout,layout=CCMS_OS_Versions__c-CCMS OS VERSIONS Layout
CCMS_OS__c-CCMS OS Layout,layout=CCMS_OS__c-CCMS OS Layout
CCMS_ProdLevel2__c-CCMS PRODLEVEL2 Layout,layout=CCMS_ProdLevel2__c-CCMS PRODLEVEL2 Layout
CCMS_Product__c-CCMS PRODUCT Layout,layout=CCMS_Product__c-CCMS PRODUCT Layout
CCMS_Version__c-CCMS VERSION Layout,layout=CCMS_Version__c-CCMS VERSION Layout
CCP_Assignment__c-CCP Assignment Layout,layout=CCP_Assignment__c-CCP Assignment Layout
CCR__c-CCR Layout,layout=CCR__c-CCR Layout
CDN_CH_Consultant__c-Consultant Layout,layout=CDN_CH_Consultant__c-Consultant Layout
CDN_CH_Schedule__c-Schedule Layout,layout=CDN_CH_Schedule__c-Schedule Layout
COS_Case_Group__c-COS Case Group Layout,layout=COS_Case_Group__c-COS Case Group Layout
COS_Community__c-COS Community Layout,layout=COS_Community__c-COS Community Layout
COS_SW_Update_Order__c-Order Line Item Layout,layout=COS_SW_Update_Order__c-Order Line Item Layout
COS_Static_Content__c-COS Static Content - COS Community,layout=COS_Static_Content__c-COS Static Content - COS Community
Cadence_Documents__c-Cadence Documents Layout,layout=Cadence_Documents__c-Cadence Documents Layout
Cadence_Entity__c-Cadence Entity Layout,layout=Cadence_Entity__c-Cadence Entity Layout
Cadence_Online_Service_Log__c-Cadence Online Service Log Layout,layout=Cadence_Online_Service_Log__c-Cadence Online Service Log Layout
Cadence_Platform__c-Cadence Platform Layout,layout=Cadence_Platform__c-Cadence Platform Layout
Campaign-Campaign Layout,layout=Campaign-Campaign Layout
CampaignMember-Campaign Member Page Layout,layout=CampaignMember-Campaign Member Page Layout
Case-Case Layout,layout=Case-Case Layout
CaseClose-Close Case Layout,layout=CaseClose-Close Case Layout
CaseGroup__c-Case Groups Layout,layout=CaseGroup__c-Case Groups Layout
CaseMilestone-Case Milestone Layout,layout=CaseMilestone-Case Milestone Layout
Case_Article_Junction__c-Case Article Junction Layout,layout=Case_Article_Junction__c-Case Article Junction Layout
Case_Assignment__c-Case Assignment Layout,layout=Case_Assignment__c-Case Assignment Layout
Case_Group_User__c-Case Group User Layout,layout=Case_Group_User__c-Case Group User Layout
Case_Group_Users__c-Case Group Users Layout,layout=Case_Group_Users__c-Case Group Users Layout
Case_Group__c-Case Group Layout,layout=Case_Group__c-Case Group Layout
Case_Groups__c-Case Groups Layout,layout=Case_Groups__c-Case Groups Layout
Case_History__c-Case History Layout,layout=Case_History__c-Case History Layout
Case_Subscription__c-Case Subscription Layout,layout=Case_Subscription__c-Case Subscription Layout
Case_To_Project_Junc__c-Case To Project Junc Layout,layout=Case_To_Project_Junc__c-Case To Project Junc Layout
Case_assignment_rule__c-Case assignment rule Layout,layout=Case_assignment_rule__c-Case assignment rule Layout
CollaborationGroup-Group Layout,layout=CollaborationGroup-Group Layout
Company_Code__c-Company Code Layout,layout=Company_Code__c-Company Code Layout
Contact-Contact Layout,layout=Contact-Contact Layout
Contact_Microsite_Relationship__c-Contact Microsite Relationship Layout,layout=Contact_Microsite_Relationship__c-Contact Microsite Relationship Layout
Contact_to_case_group_junction__c-Contact Case Group Layout,layout=Contact_to_case_group_junction__c-Contact Case Group Layout
ContentVersion-Account Type,layout=ContentVersion-Account Type
ContentVersion-Booking Package,layout=ContentVersion-Booking Package
ContentVersion-DSG Marketing,layout=ContentVersion-DSG Marketing
ContentVersion-General,layout=ContentVersion-General
ContentVersion-IP config,layout=ContentVersion-IP config
ContentVersion-Opportunity Content,layout=ContentVersion-Opportunity Content
Content_Access_List__c-Content Access List Layout,layout=Content_Access_List__c-Content Access List Layout
Contract-Contract Layout,layout=Contract-Contract Layout
ContractLineItem-Contract Line Item Layout,layout=ContractLineItem-Contract Line Item Layout
Country__c-Country Layout,layout=Country__c-Country Layout
Currency_Exchange_Rate__c-Currency Exchange Rate Layout,layout=Currency_Exchange_Rate__c-Currency Exchange Rate Layout
Customer_Survey__c-Survey Layout,layout=Customer_Survey__c-Survey Layout
DataSteward_log__c-DataSteward log Layout,layout=DataSteward_log__c-DataSteward log Layout
Deal_Approval_Manager__c-Deal Approval Manager Layout,layout=Deal_Approval_Manager__c-Deal Approval Manager Layout
Delivering_Plant__c-Delivering Plant Layout,layout=Delivering_Plant__c-Delivering Plant Layout
Design_Technology__c-BU Family Layout,layout=Design_Technology__c-BU Family Layout
Distribution_Channel__c-Distribution Channel Layout,layout=Distribution_Channel__c-Distribution Channel Layout
Division_Code__c-Division Code Layout,layout=Division_Code__c-Division Code Layout
Document_Like_History__c-Document Like History Layout,layout=Document_Like_History__c-Document Like History Layout
Document_View_History_Detail__c-Document View History Detail Layout,layout=Document_View_History_Detail__c-Document View History Detail Layout
Document_View_History__c-Document View History Layout,layout=Document_View_History__c-Document View History Layout
Domain_Microsite_Map__c-Domain Microsite Map Layout,layout=Domain_Microsite_Map__c-Domain Microsite Map Layout
DuplicateRecordSet-Duplicate Record Set Layout,layout=DuplicateRecordSet-Duplicate Record Set Layout
E2EAccGrpReqContactJunc__c-E2EAccGrpReqContactJunc Layout,layout=E2EAccGrpReqContactJunc__c-E2EAccGrpReqContactJunc Layout
E2EAccGrpReqProdFeatJunc__c-E2E AccGrpReqProdFeatJunc Layout,layout=E2EAccGrpReqProdFeatJunc__c-E2E AccGrpReqProdFeatJunc Layout
E2E_AccGrpReq_ChatterMember_Junc__c-E2E AccGrpReq ChatterMember Junc Layout,layout=E2E_AccGrpReq_ChatterMember_Junc__c-E2E AccGrpReq ChatterMember Junc Layout
E2E_Acc_Group_Setup_Request__c-E2E Acc Group Setup Request Layout,layout=E2E_Acc_Group_Setup_Request__c-E2E Acc Group Setup Request Layout
EDA_Card__c-EDA Card Layout,layout=EDA_Card__c-EDA Card Layout
ER_Agreement__c-Restricted Employee Form Layout,layout=ER_Agreement__c-Restricted Employee Form Layout
ER_Employee__c-Restricted Employee Layout,layout=ER_Employee__c-Restricted Employee Layout
ER_Project__c-Restricted Employee Project Layout,layout=ER_Project__c-Restricted Employee Project Layout
EmailMessage-Email Message Layout - Email-to-Case,layout=EmailMessage-Email Message Layout - Email-to-Case
Email_Alert_log__c-Email Alert log Layout,layout=Email_Alert_log__c-Email Alert log Layout
Email__c-Email Layout,layout=Email__c-Email Layout
Emailweb__c-Emailweb Layout,layout=Emailweb__c-Emailweb Layout
Entitlement-Entitlement Layout,layout=Entitlement-Entitlement Layout
Error_Line_Item__c-Error Line Item Layout,layout=Error_Line_Item__c-Error Line Item Layout
Error_Message__kav-Error Message Layout,layout=Error_Message__kav-Error Message Layout
Error__c-Error Layout,layout=Error__c-Error Layout
Event-Event Layout,layout=Event-Event Layout
Exception_eDAoT__c-Exception eDAoT Layout,layout=Exception_eDAoT__c-Exception eDAoT Layout
Expected_Close_Quarter__c-Expected Close Quarter Layout,layout=Expected_Close_Quarter__c-Expected Close Quarter Layout
FeedItem-Feed Item Layout,layout=FeedItem-Feed Item Layout
FeedItemsToDelete__c-FeedItemsToDelete Layout,layout=FeedItemsToDelete__c-FeedItemsToDelete Layout
Forecast_Hierarchy__c-Forecast Hierarchy Layout,layout=Forecast_Hierarchy__c-Forecast Hierarchy Layout
Forecast_SW_Detail__c-Forecast_SW_Detail Layout,layout=Forecast_SW_Detail__c-Forecast_SW_Detail Layout
Forecast_Target__c-Forecast Target Layout,layout=Forecast_Target__c-Forecast Target Layout
Forecast__c-Forecast Layout,layout=Forecast__c-Forecast Layout
GSS_Account_Team_Recon_Records__c-GSS Account Team Recon Records Layout,layout=GSS_Account_Team_Recon_Records__c-GSS Account Team Recon Records Layout
GSS_Approval_Error__c-GSS Approval Error Layout,layout=GSS_Approval_Error__c-GSS Approval Error Layout
GSS_Approval_Flow__c-GSS Approval Flow Layout,layout=GSS_Approval_Flow__c-GSS Approval Flow Layout
GSS_Index__c-GSS Index Layout,layout=GSS_Index__c-GSS Index Layout
GSS_Split_Error__c-GSS Split Error Layout,layout=GSS_Split_Error__c-GSS Split Error Layout
GSS_Split__c-GSS Account Team Layout,layout=GSS_Split__c-GSS Account Team Layout
Global-Global Layout,layout=Global-Global Layout
Goal_Letter_Error__c-Goal Letter Error Layout,layout=Goal_Letter_Error__c-Goal Letter Error Layout
Goal_Letter_Participant__c-Goal Letter Participant Layout,layout=Goal_Letter_Participant__c-Goal Letter Participant Layout
Goal_Letter__c-Goal Letter Layout,layout=Goal_Letter__c-Goal Letter Layout
How_To__kav-How To Layout,layout=How_To__kav-How To Layout
IPCA_Approvers__c-IPCA Approvers Layout,layout=IPCA_Approvers__c-IPCA Approvers Layout
IPCA_Deliverable__c-IPCA Deliverable Layout,layout=IPCA_Deliverable__c-IPCA Deliverable Layout
IPCA_Delivery__c-IPCA Delivery Layout,layout=IPCA_Delivery__c-IPCA Delivery Layout
IPCA_Milestone__c-IPCA Milestone Layout,layout=IPCA_Milestone__c-IPCA Milestone Layout
IPCA_ThirdParty__c-IPCA ThirdParty Layout,layout=IPCA_ThirdParty__c-IPCA ThirdParty Layout
IP_Config_Feature__c-IP Config Feature Layout,layout=IP_Config_Feature__c-IP Config Feature Layout
IP_Config__c-IP Config Addendum Layout,layout=IP_Config__c-IP Config Addendum Layout
Idea-Idea Layout,layout=Idea-Idea Layout
Installed_Product_History__c-Installed Product History Layout,layout=Installed_Product_History__c-Installed Product History Layout
Integration__c-Integration Layout,layout=Integration__c-Integration Layout
Intel_Runda_30_Day_Email_Log__c-Intel Runda 30 Day Email Log Layout,layout=Intel_Runda_30_Day_Email_Log__c-Intel Runda 30 Day Email Log Layout
Intel_Signed_Document__c-Intel Signed Document Layout,layout=Intel_Signed_Document__c-Intel Signed Document Layout
Interim_Registration__c-Interim Registration Layout,layout=Interim_Registration__c-Interim Registration Layout
Issue__c-Issue Layout,layout=Issue__c-Issue Layout
JIRA_Association__c-TIP-JIRA Layout,layout=JIRA_Association__c-TIP-JIRA Layout
Language_Code__c-Language Code Layout,layout=Language_Code__c-Language Code Layout
Lead-Lead Layout,layout=Lead-Lead Layout
Legal_Commitment__c-Legal Commitment Layout,layout=Legal_Commitment__c-Legal Commitment Layout
Legal_Commitment_to_Opportunity_JUNC__c-Legal Commitment to Opportunity JUNC Layout,layout=Legal_Commitment_to_Opportunity_JUNC__c-Legal Commitment to Opportunity JUNC Layout
Library_Dup__c-Library Dup Layout,layout=Library_Dup__c-Library Dup Layout
License__c-License Layout,layout=License__c-License Layout
Loan__c-Loan Layout,layout=Loan__c-Loan Layout
Macro-Macro Layout,layout=Macro-Macro Layout
Manual_Config__c-Manual_Config Layout,layout=Manual_Config__c-Manual_Config Layout
Manuals__c-Manual Layout,layout=Manuals__c-Manual Layout
Merge_Job_Failure_Log__c-Merge Job Failure Log Layout,layout=Merge_Job_Failure_Log__c-Merge Job Failure Log Layout
Mfg_Release_Platforms__c-Mfg_Release_Platform Layout,layout=Mfg_Release_Platforms__c-Mfg_Release_Platform Layout
Microsite_URL_Map__c-Microsite URL Map Layout,layout=Microsite_URL_Map__c-Microsite URL Map Layout
Migration_Dependency__c-Migration Dependency Layout,layout=Migration_Dependency__c-Migration Dependency Layout
Migration_Error_Detail__c-Migration Error Detail Layout,layout=Migration_Error_Detail__c-Migration Error Detail Layout
Migration_Error__c-Migration Error Layout,layout=Migration_Error__c-Migration Error Layout
Migration_Intelligence_Master__c-Migration Intelligence Master Layout,layout=Migration_Intelligence_Master__c-Migration Intelligence Master Layout
Migration_Statistics_Line_Items__c-Migration Statistics Line Items Layout,layout=Migration_Statistics_Line_Items__c-Migration Statistics Line Items Layout
Migration_Statistics__c-MI Layout,layout=Migration_Statistics__c-MI Layout
NDA_ARM_Cadence_Authorized_Employees__c-NDA ARM Cadence Authorized Employees Layout,layout=NDA_ARM_Cadence_Authorized_Employees__c-NDA ARM Cadence Authorized Employees Layout
NDA_ARM_TRS_Cadence_Authorized_Employees__c-NDA ARM TRS Cadence Authorized Employees Layout,layout=NDA_ARM_TRS_Cadence_Authorized_Employees__c-NDA ARM TRS Cadence Authorized Employees Layout
NDA_Agreement_User_Detail__c-NDA Agreement User Detail Layout,layout=NDA_Agreement_User_Detail__c-NDA Agreement User Detail Layout
NDA_RUNDA_Cadence_Authorized_Employees__c-NDA RUNDA Cadence Authorized Employees Layout,layout=NDA_RUNDA_Cadence_Authorized_Employees__c-NDA RUNDA Cadence Authorized Employees Layout
NDA_RUNDA_Cadence_Employees_Refrigerated__c-NDA RUNDA Cadence Employees Refrigerated Layout,layout=NDA_RUNDA_Cadence_Employees_Refrigerated__c-NDA RUNDA Cadence Employees Refrigerated Layout
NDA_SNPS_Cadence_Authorized_Employees__c-NDA SNPS Cadence Authorized Employees Layout,layout=NDA_SNPS_Cadence_Authorized_Employees__c-NDA SNPS Cadence Authorized Employees Layout
NHM_Aliases__c-NHM_Aliases Layout,layout=NHM_Aliases__c-NHM_Aliases Layout
NHM_Available_Space__c-NHM_Available_Space Layout,layout=NHM_Available_Space__c-NHM_Available_Space Layout
NHM_Building__c-NHM_Building Layout,layout=NHM_Building__c-NHM_Building Layout
NHM_Floor__c-NHM_Floor Layout,layout=NHM_Floor__c-NHM_Floor Layout
NHM_Master__c-NHM_Master Layout,layout=NHM_Master__c-NHM_Master Layout
NWR_Assignment_Structure__c-NWR Assignment Structure Layout,layout=NWR_Assignment_Structure__c-NWR Assignment Structure Layout
Note__c-Note Layout,layout=Note__c-Note Layout
OM_Other_Product__c-OM Other Product Layout,layout=OM_Other_Product__c-OM Other Product Layout
OM_Other__c-OM Other Layout,layout=OM_Other__c-OM Other Layout
Opp_TT_combination__mdt-Opp TT combination Layout,layout=Opp_TT_combination__mdt-Opp TT combination Layout
Opportunity-Opportunity Layout,layout=Opportunity-Opportunity Layout
OpportunityLineItem-Opportunity Product Layout,layout=OpportunityLineItem-Opportunity Product Layout
Opportunity_Category__c-Opportunity Category Layout,layout=Opportunity_Category__c-Opportunity Category Layout
Opportunity_Snapshot__c-Opportunity Snapshot Layout,layout=Opportunity_Snapshot__c-Opportunity Snapshot Layout
Order_Checklist__c-99-Yr%2FOther Order checklist Layout,layout=Order_Checklist__c-99-Yr%2FOther Order checklist Layout
Organization_ID__c-Organization ID Layout,layout=Organization_ID__c-Organization ID Layout
Original_System__c-Original System Layout,layout=Original_System__c-Original System Layout
Other_Party__c-Other Party Layout,layout=Other_Party__c-Other Party Layout
Other_Product_Related_To_Article__c-Other Product Related To Article Layout,layout=Other_Product_Related_To_Article__c-Other Product Related To Article Layout
Owner_Info__c-Intel Owner Info Layout,layout=Owner_Info__c-Intel Owner Info Layout
Pricebook2-Price Book Layout,layout=Pricebook2-Price Book Layout
PricebookEntry-Price Book Entry Layout,layout=PricebookEntry-Price Book Entry Layout
Prod_Attr_to_Feat_Jct_c__c-Prod Attr to Feature Jct Layout,layout=Prod_Attr_to_Feat_Jct_c__c-Prod Attr to Feature Jct Layout
Prod_Cls_to_Feat_Jct__c-Prod Class to Feature Jct Layout,layout=Prod_Cls_to_Feat_Jct__c-Prod Class to Feature Jct Layout
Product2-Product Layout,layout=Product2-Product Layout
ProductGroupConfiguration__c-Product Group Configuration Layout,layout=ProductGroupConfiguration__c-Product Group Configuration Layout
Product_Attribute__c-Product Attribute Layout,layout=Product_Attribute__c-Product Attribute Layout
Product_BU_Family__c-Product BU Family Layout,layout=Product_BU_Family__c-Product BU Family Layout
Product_Class__c-Product Att Feat Junction Layout,layout=Product_Class__c-Product Att Feat Junction Layout
Product_Exclusion__c-Product Exception Layout,layout=Product_Exclusion__c-Product Exception Layout
Product_Family_Product__c-Product Family Product Layout,layout=Product_Family_Product__c-Product Family Product Layout
Product_Feature_Level_1__c-Product Feature Level 1 Layout,layout=Product_Feature_Level_1__c-Product Feature Level 1 Layout
Product_Feature_Level_2__c-Product Feature Level 2 Layout,layout=Product_Feature_Level_2__c-Product Feature Level 2 Layout
Product_Feature_Version__c-Product Feature Version Layout,layout=Product_Feature_Version__c-Product Feature Version Layout
Product_Feature__c-Product Feature Layout,layout=Product_Feature__c-Product Feature Layout
Product_Manual__c-Product Manual Layout,layout=Product_Manual__c-Product Manual Layout
Product_Price_Type__c-Product Price Type Layout,layout=Product_Price_Type__c-Product Price Type Layout
Product_Price__c-Product Price Layout,layout=Product_Price__c-Product Price Layout
Product_Recommendation__c-Production Recommendation Layout,layout=Product_Recommendation__c-Production Recommendation Layout
Product_Sector_Configuration__c-Product Sector Configuration Layout,layout=Product_Sector_Configuration__c-Product Sector Configuration Layout
Product_Support_Agent__c-Product Support Agent Layout,layout=Product_Support_Agent__c-Product Support Agent Layout
Product_Support_Matrix__c-Product Support Matrix Layout,layout=Product_Support_Matrix__c-Product Support Matrix Layout
Product_Upgrade__c-Product Upgrade Layout,layout=Product_Upgrade__c-Product Upgrade Layout
Project__c-Project Layout,layout=Project__c-Project Layout
Quarterly_Revenue_Of_Opportunity__c-Quarterly Revenue Of Opportunity Layout,layout=Quarterly_Revenue_Of_Opportunity__c-Quarterly Revenue Of Opportunity Layout
QueueAssignment__c-QueueAssignment Layout,layout=QueueAssignment__c-QueueAssignment Layout
Queued_Task__c-Queued Task Layout,layout=Queued_Task__c-Queued Task Layout
Quote-Quote Layout,layout=Quote-Quote Layout
QuoteLineItem-Quote Line Item Layout,layout=QuoteLineItem-Quote Line Item Layout
Reassign_Helper__c-Présentation de Mass Reassign Opportunity Helper,layout=Reassign_Helper__c-Présentation de Mass Reassign Opportunity Helper
Reference_Key__c-Reference Key Layout,layout=Reference_Key__c-Reference Key Layout
Related_Article__c-Related Article Layout,layout=Related_Article__c-Related Article Layout
Release_Incubator_Approvers__c-Release Incubator Approver Layout,layout=Release_Incubator_Approvers__c-Release Incubator Approver Layout
Release_Platform__c-Release Platform Layout,layout=Release_Platform__c-Release Platform Layout
Release_Product__c-Release Product Layout,layout=Release_Product__c-Release Product Layout
Release__c-Release Layout,layout=Release__c-Release Layout
RenMaint_Account__c-RenMaint Account Layout,layout=RenMaint_Account__c-RenMaint Account Layout
RenMaint_Discount__c-Header Discount Layout,layout=RenMaint_Discount__c-Header Discount Layout
RenMaint_System__c-System Layout,layout=RenMaint_System__c-System Layout
Ren_Support_Term_Summary__c-Ren Support Term Summary Layout,layout=Ren_Support_Term_Summary__c-Ren Support Term Summary Layout
Royalty__c-Royalty Layout,layout=Royalty__c-Royalty Layout
SNPS_Employee_Agreement_Relationship__c-SNPS Employee Agreement Relationship Layout,layout=SNPS_Employee_Agreement_Relationship__c-SNPS Employee Agreement Relationship Layout
SalesRep__c-SalesRep Layout,layout=SalesRep__c-SalesRep Layout
Sales_Organization__c-Sales Organization Layout,layout=Sales_Organization__c-Sales Organization Layout
Script__kav-Script Layout,layout=Script__kav-Script Layout
ServiceContract-Service Contract Layout,layout=ServiceContract-Service Contract Layout
ServiceMax_Vendor_Account__c-ServiceMax Vendor Account Layout,layout=ServiceMax_Vendor_Account__c-ServiceMax Vendor Account Layout
Service_Agreement__c-Service Agreement Layout,layout=Service_Agreement__c-Service Agreement Layout
Servicemax_Finance_Report__c-Servicemax Finance Report Layout,layout=Servicemax_Finance_Report__c-Servicemax Finance Report Layout
Solution-Solution Layout,layout=Solution-Solution Layout
Solution__kav-Solution Layout,layout=Solution__kav-Solution Layout
State__c-State%2FRegion Layout,layout=State__c-State%2FRegion Layout
Support_Center_Configuration__c-Call Center Configuration Layout,layout=Support_Center_Configuration__c-Call Center Configuration Layout
Survey_Admin__c-Survey Admin Layout,layout=Survey_Admin__c-Survey Admin Layout
Survey_Question__c-Survey Question Layout,layout=Survey_Question__c-Survey Question Layout
Survey_Submission_Response__c-Survey Submission Response Layout,layout=Survey_Submission_Response__c-Survey Submission Response Layout
Survey_Submission__c-Survey Submission Layout,layout=Survey_Submission__c-Survey Submission Layout
TC_Opp_Assoc__c-TC Opp Assoc Layout,layout=TC_Opp_Assoc__c-TC Opp Assoc Layout
TC_Status__c-TC Status Layout,layout=TC_Status__c-TC Status Layout
TC_Technology__c-TC Technology Layout,layout=TC_Technology__c-TC Technology Layout
Task-Task Layout,layout=Task-Task Layout
Technical_Campaign__c-Technical Campaign Layout,layout=Technical_Campaign__c-Technical Campaign Layout
Technical_Engagement__c-Technical Engagement Layout,layout=Technical_Engagement__c-Technical Engagement Layout
TempUpdateObject__c-TempUpdateObject Layout,layout=TempUpdateObject__c-TempUpdateObject Layout
Temp_Attachment__c-Temp Attachment Layout,layout=Temp_Attachment__c-Temp Attachment Layout
Temp_Key_Region_OptIn__c-Temp Key Region OptIn Layout,layout=Temp_Key_Region_OptIn__c-Temp Key Region OptIn Layout
Term_Processed__c-Term Processed Layout,layout=Term_Processed__c-Term Processed Layout
URL_Mapping__c-URL Mapping Layout,layout=URL_Mapping__c-URL Mapping Layout
Uplift__c-Uplift Layout,layout=Uplift__c-Uplift Layout
User-User Layout,layout=User-User Layout
UserAlt-User Profile Layout,layout=UserAlt-User Profile Layout
User_Availability_History__c-User Availability History Layout,layout=User_Availability_History__c-User Availability History Layout
User_Email_Address_Table__c-User Email Address Table Layout,layout=User_Email_Address_Table__c-User Email Address Table Layout
User_Folder__c-User Folder Layout,layout=User_Folder__c-User Folder Layout
User_Microsite_Map__c-User Microsite Map Layout,layout=User_Microsite_Map__c-User Microsite Map Layout
User_Preference_Detail__c-User Preference Detail Layout,layout=User_Preference_Detail__c-User Preference Detail Layout
User_Preference__c-User Preference Layout,layout=User_Preference__c-User Preference Layout
User_Role__c-User Role Layout,layout=User_Role__c-User Role Layout
Weekly_Buisness_Status__c-Weekly Buisness Status Layout,layout=Weekly_Buisness_Status__c-Weekly Buisness Status Layout
gss_acc_discrepancy__c-gss_acc_discrepancy Layout,layout=gss_acc_discrepancy__c-gss_acc_discrepancy Layout
myobj__c-myobj Layout,layout=myobj__c-myobj Layout
